"company_id","company_name"
1908,"iterable"
659,"ActiveCampaign"
1022,"Instabug"
616,"Docebo"
998,"SimScale"
1028,"WhiteSource Software"
2002,"Algolia"
809,"Bizible"
1897,"Autopilot HQ"
14,"LogMeIn"
1053,"Serpstat"
866,"FloQast"
615,"Tenfold"
1,"Salesforce"
560,"BirdEye"
2031,"Vuture"
706,"Grow"
986,"Chorus.ai"
523,"SalesLoft"
955,"Highspot"
1051,"Numetric"
979,"CoSchedule"
2025,"VictorOps"
940,"Repsly"
1967,"OnSolve"
701,"Zapproved"
1904,"exponea"
1956,"Usabilla"
624,"Deputy"
462,"Vidyard"
522,"Podium"
400,"TrendKite"
743,"Formstack"
928,"Engagio"
2028,"Lucid Software"
2033,"Sift Science"
206,"Tradeshift"
1015,"FullStory"
690,"Pendo.io"
1009,"Front"
278,"Sprout Social"
1966,"Cogito"
275,"Zoom"
674,"SurveyGizmo"
409,"etouches"
319,"InVision"
936,"Choozle"
1818,"Klaviyo"
107,"Slack"
169,"Smartsheet"
592,"Talkwalker"
475,"Databricks"
695,"Periscope Data"
810,"LookBookHQ"
675,"Uberflip"
197,"Walkme"
1961,"ServiceTitan"
2029,"Graduway"
799,"EXASOL"
492,"Dynamic Signal"
978,"Askuity"
916,"Bizzabo"
1792,"Kahoot!"
1005,"Employee Navigator"
892,"Zarget"
1844,"CloudCraze"
897,"LeanData"
693,"GoSpotCheck"
361,"Talkdesk"
707,"Klipfolio"
478,"MapAnything"
102,"PowerSchool"
950,"Whatfix"
646,"Instapage"
1934,"Lob"
67,"Okta"
784,"Teamwork.com"
1039,"Shareablee"
85,"Pluralsight"
556,"Segment"
480,"Workable"
851,"Aircall"
579,"Wave"
935,"Virtru"
1001,"Accelo"
380,"Mavenlink"
657,"Nuxeo Platform"
912,"Help Scout"
196,"Elastic"
755,"Wistia"
973,"Quantum Workplace"
256,"Docker"
311,"Calabrio ONE"
824,"BrandsEye"
1901,"maropost"
2024,"JumpCloud"
797,"Drift"
920,"StackAdapt"
2013,"Badger Maps"
95,"Twilio"
122,"Coursera"
2005,"ServiceNow"
344,"FullContact"
1021,"Exago"
722,"KeyedIn"
142,"Stripe"
141,"Taboola"
2007,"Bluecore"
381,"Yotpo"
242,"Duo Security"
588,"Certify"
645,"Insightly"
273,"BrightEdge"
1096,"Compas ATS"
177,"Castlight Health"
327,"Looker"
237,"MailChimp"
947,"Kimble PSA"
78,"Udacity"
473,"Seismic"
328,"DigitalOcean"
687,"Auction.com"
759,"CircleCI"
325,"PlanGrid"
482,"Justworks"
289,"Datadog"
1951,"CloudCherry"
980,"ownCloud"
412,"Digimind Social"
1061,"GenieBelt"
1065,"MediaBeacon"
612,"PandaDoc"
424,"Datorama"
83,"Mimecast"
379,"Mesosphere"
968,"Bombora"
1979,"CARTO"
2023,"TeamSnap"
528,"Salsify"
376,"Nexmo"
1860,"Punchh"
143,"BlackLine"
3,"Workday"
828,"OpenSesame"
949,"PicMonkey"
881,"ReviewTrackers"
1031,"BrightFunnel"
184,"The Trade Desk"
1859,"CallRail"
823,"Zapier"
771,"Evergage"
705,"Datafox"
15,"Atlassian"
37,"Proofpoint"
58,"New Relic"
1999,"Cloudability"
358,"AppsFlyer"
736,"Dataiku"
620,"PDFfiller"
2019,"WorkJam"
1957,"9Lenses"
1843,"Terminus"
1930,"Broadly"
1927,"leanplum"
671,"CAKE"
610,"Lever"
893,"Bloomerang"
24,"Shopify"
35,"Meltwater"
987,"Izenda"
827,"Keeper"
749,"Growbots"
899,"Logz.io"
915,"TapClicks"
121,"Yext"
307,"Chef"
648,"cb insights"
521,"Skuid"
1042,"Azalead"
513,"SpringCM"
402,"Pipedrive"
730,"AutoTURN"
1947,"Mention"
264,"SimilarWeb"
308,"iManage"
518,"TSheets"
1034,"inMotion"
162,"MapR"
198,"Autotask"
702,"3CX Phone System"
787,"FUEL CYCLE"
252,"CloudFlare"
1003,"Bananatag"
323,"Doximity"
853,"Lessonly"
855,"Pipeliner CRM"
2032,"PagerDuty"
29,"Zendesk"
632,"Culture Amp"
1925,"appboy"
1932,"Reputation.com"
40,"Medidata Solutions"
593,"FreeAgent"
565,"Conversica"
790,"Sales-i"
1978,"Metamarkets"
228,"Gusto"
572,"NationBuilder"
499,"Dialpad"
511,"Higher Logic"
997,"Nulab"
479,"SmartRecruiters"
769,"Contactually"
682,"Ceros"
684,"QASymphony"
647,"Redis Cloud"
836,"Quip"
345,"Mendix"
1907,"Listrak"
421,"Simpli.fi"
818,"Tango Card"
200,"Alteryx"
46,"AppDynamics"
985,"Arcadia Data"
996,"eduCBA"
112,"Coupa"
557,"Censhare"
583,"grammarly"
331,"Sumo Logic"
747,"Cloud Elements"
880,"Promapp"
188,"Malwarebytes"
30,"Xero"
347,"Coveo"
962,"Jostle"
2038,"Talkable"
801,"Aerospike"
889,"LiquidPlanner"
1847,"Veeam"
113,"Talend"
487,"4C"
967,"Affinio"
1889,"Slido"
190,"Intercom"
19,"DropBox"
498,"Thycotic Secret Server"
127,"Carbonite"
318,"Bamboo HR"
2020,"Yes LifeCycle Marketing"
124,"Anaplan"
718,"ClearCompany"
778,"SnapApp"
847,"EngineerBabu"
948,"Mindmatrix"
222,"Nintex"
340,"SmartBear"
2018,"WorkMarket"
1877,"Magento"
663,"Nearpod"
1047,"Hot Prospector"
1059,"Ebsta"
1069,"Swiftype Site Search"
1085,"Fond"
1988,"Lotame"
765,"FreeConferenceCall.com"
238,"Optimizely"
703,"Brightpearl"
922,"Yelp Reservations"
2017,"SiteCompli"
640,"PaySimple"
444,"Qt Creator"
105,"Appian"
519,"Inbenta"
629,"EverString"
151,"Squarespace"
437,"Imperva Incapsula"
365,"MixPanel"
1906,"CommuniGator"
510,"Spreadsheet Server"
727,"eventmobi"
738,"Plivo"
150,"OutSystems"
147,"Zuora"
1014,"Wwise "
1027,"Synthio"
302,"Vimeo"
398,"Clio"
118,"Workfront"
731,"Apto"
75,"Mulesoft"
50,"Qualtrics"
246,"SendGrid"
305,"Tealium"
618,"Unanet"
726,"CallFire"
993,"Assembla"
9,"Splunk"
668,"Pantheon"
225,"Avature"
171,"bswift"
530,"Jama Software"
532,"Ansarada "
876,"BiznessApps"
1952,"Interakt"
613,"Prosperworks"
619,"Miva"
62,"Envato"
34,"Wix"
456,"Nakisa"
999,"UserReplay"
74,"Encompass360"
775,"ChargeBee"
94,"8x8"
512,"Planisware"
852,"BizInsight"
2009,"Hearsay"
515,"BuilderTREND"
1974,"lucidworks"
106,"CarbonBlack"
594,"Jitterbit"
840,"ION Interactive"
21,"Square"
42,"Sprinklr"
211,"Pentaho"
768,"APS Payroll"
300,"Odoo"
689,"Libris"
406,"WordStream"
442,"Aha!"
635,"WoodWing Elvis DAM"
279,"Sisense"
23,"Cornerstone OnDemand"
677,"BrandYourself"
685,"Rainforest QA"
957,"Piktochart"
527,"Hubble"
534,"Iluminate Education"
490,"Radius Intelligence"
31,"Veeva Systems"
26,"RingCentral"
388,"Classy"
603,"TINYpulse Engage"
386,"dotmailer"
172,"MOO"
233,"HotSchedules"
472,"Sauce Labs"
918,"GlobalVision"
139,"LifeRay"
500,"Ipro Allegro"
1986,"Fastly"
68,"2U"
39,"Cloudera"
77,"Freshworks"
223,"namecheap"
132,"SurveyMonkey"
926,"dapulse"
209,"Intacct"
497,"Smartling"
641,"timetrade"
907,"Technolutions Slate"
917,"ClickFunnels"
428,"CloudSense"
643,"ProntoForms"
20,"Hubspot"
1995,"typeform"
898,"Logikcull"
908,"Traackr"
28,"Automattic"
709,"Motionsoft"
888,"Iconixx"
80,"Udemy"
10,"Criteo"
408,"ZoomInfo"
261,"DiscoverOrg"
491,"Unbounce"
434,"e-Builder Enterprise"
885,"Attendify"
230,"Gainsight"
1044,"ClickMeeting"
1049,"iWave PRO"
1054,"ThriveHive"
309,"AlienVault USM"
255,"Wrike"
1902,"clickdimensions"
676,"Agility Media Monitoring & Analytics"
1029,"Aeries Software"
5,"athenahealth"
364,"Clicktale"
496,"ServiceChannel"
541,"GitLab "
6,"Zoho"
296,"SiteGround"
604,"Resolver"
1043,"Path LMS"
2008,"Hubstaff"
52,"Marketo"
306,"RainKing"
359,"Capture One Pro"
664,"Widen Collective"
175,"Ping Identity"
654,"Animoto"
667,"MindTickle"
1017,"Nextpoint"
1024,"Ccleaner"
90,"SiteCore"
839,"Gryphon Networks"
285,"Khan Academy"
448,"Siteimprove"
848,"GoAnimate"
397,"BidPal"
164,"Brightcove"
346,"QuestBack"
17,"Box"
146,"Lead Forensics"
390,"Vendasta"
724,"Vindicia"
120,"Qualys"
314,"Guru"
149,"Eventbrite"
292,"Episerver CMS"
466,"Silverline"
1819,"Adestra"
708,"Mailjet"
813,"QCommission"
564,"AgileCRM"
43,"Broadsoft"
316,"Skyword"
368,"Practice Fusion"
56,"Avalara"
694,"PRTG"
966,"XWIKI"
788,"Highfive"
804,"Critical Mention"
163,"Optymyze"
1918,"PItchbook"
353,"Demandbase"
781,"Mylyn"
946,"Framer Studio"
1989,"V12 Data"
48,"Vertafore"
154,"E2Open"
313,"Couchbase"
927,"Devolutions"
658,"Sigstr"
576,"Skillshare"
653,"Panopto"
921,"Xpenditure"
41,"Paycom"
235,"WP Engine"
744,"WeTransfer"
758,"bpm'online"
12,"Cvent"
642,"Contentools"
59,"InContact"
904,"Aspire Technologies"
544,"MediaRadar"
715,"Crowdtap"
38,"Paylocity"
49,"Dynatrace"
287,"LoadMaster"
734,"TradeGecko"
537,"Mode Analytics"
890,"SketchUp"
901,"ShareASale"
1816,"aweber"
277,"Prezi"
282,"LiveOps"
57,"Hootsuite"
91,"MobileIron"
366,"Bynder"
869,"PCRecruiter"
155,"App Annie"
253,"Cleo"
276,"NewVoiceMedia"
207,"Liaison"
607,"Scribe Insight"
356,"Bluebeam Revu"
574,"Recurly"
104,"Acquia"
176,"Kenshoo"
440,"Market Leader"
383,"Prophix Software"
826,"JazzHR"
832,"BricsCAD"
303,"BOARD"
427,"CloudPay"
486,"LogicMonitor"
1960,"jobber"
126,"Five9"
377,"edX"
493,"EasyVista"
420,"Kentico"
807,"Skyslope"
665,"Dashlane"
552,"Helpshift"
815,"WaveMaker"
315,"JobVite"
644,"Zoomdata"
655,"Duda"
802,"AppointmentPlus"
1991,"shopgate"
280,"Namely"
649,"SmugMug"
161,"DATEV eG"
535,"JMP"
793,"Impartner"
216,"Plex Systems"
240,"Druva inSync"
526,"ShowingDesk BE"
776,"kintone"
630,"MariaDB"
436,"Threatmetrix"
203,"Work Market"
1036,"Noosh"
250,"Payscale"
372,"Conga"
322,"Egnyte"
194,"ON24"
608,"EMS Software"
419,"Instart Logic"
606,"WealthEngine"
748,"ConnectAndSell"
1023,"MyCase"
134,"NWEA Assessments"
404,"BoomTown"
595,"Joomla"
405,"Chrome River EXPENSE"
411,"PDFelement"
745,"ALEKS"
1994,"PowerReviews"
156,"Lumesse"
182,"Xactly"
1020,"AppBuddy"
1008,"FishEye"
7,"Tableau"
283,"Achievers"
338,"Asana"
988,"MediaValet"
994,"Bloomfire"
1000,"Heap"
193,"Workforce Softweare"
1921,"MarcomCentral"
460,"Predictive Index"
712,"Maintenance Connection"
1878,"bigcommerce"
1992,"dwolla"
72,"Medallia"
549,"Maximizer Software"
989,"memoQ"
449,"WePay"
543,"LevelUp"
696,"ShareThis"
697,"Basecamp"
2001,"Qordoba"
144,"FinancialForce"
301,"TeamViewer"
942,"Alexa"
959,"Tenrox"
1211,"Sentry"
53,"SPS Commerce"
65,"CallidusCloud"
117,"ChannelAdvisor"
930,"JobDiva"
407,"Smarsh"
1892,"iContact"
891,"smartCat"
941,"RingLead"
1968,"everbridge"
896,"Idio"
902,"UserVoice"
903,"Artesian Solutions"
16,"Docusign"
61,"Kony"
110,"ConnectWise"
894,"CommercialTribe"
185,"Lithium Platform"
378,"FreshBooks"
871,"RoboForm"
8,"Ariba"
148,"Planview"
215,"JetBrains"
867,"Green Cloud"
875,"ZAP"
461,"Urban Airship"
870,"PowToon"
111,"Aconex"
830,"Stackla"
849,"ManageEngine"
850,"Ranorex"
429,"Conductor Searchlight"
226,"Evernote"
582,"InsightSquared"
820,"Bitnami"
1829,"SendinBlue"
179,"Braintree"
417,"Emma"
563,"Acumatica"
798,"eFileCabinet "
25,"Palantir"
214,"AppDirect"
816,"Arduino IDE"
165,"WatchGuard"
251,"Centrify"
540,"Foxit PhantomPDF"
805,"Imgur"
1944,"Crisp Thinking"
783,"Mintigo"
786,"Evoq Content"
779,"Cirrus Insight"
1981,"Confluence"
504,"LeadPages"
791,"Zerys"
183,"Meetup"
227,"ForeSee"
231,"Fusion"
286,"Nuix"
502,"Visual LANSA"
774,"Salsa CRM"
363,"SparkPost"
60,"Fleetmatics"
168,"AvidXchange"
750,"RenWeb"
1479,"Akamai"
101,"HealthStream"
348,"Engagor"
741,"Yellowfin BI"
756,"Yesware"
199,"Code42"
263,"Kyriba"
474,"Yammer"
732,"Carlson Civil"
341,"Encompass"
92,"Vistex"
447,"Searchmetrics"
700,"SkillSurvey"
443,"Asterisk"
683,"Fishbowl Inventory"
688,"Building Engines"
97,"ACL Analytics"
295,"Laserfiche"
679,"Qvidian"
219,"Gigya"
293,"Infinite Campus"
662,"MailUp"
666,"Greater Giving"
54,"MindBody"
656,"Evite"
639,"eZ Platform"
258,"Bandwidth.com"
611,"Caspio"
260,"Globoforce"
600,"Edmodo"
332,"Bomgar Remote Support"
1109,"Panorama Necto"
334,"Ableton Live"
337,"SAP ERP"
553,"Duolingo"
561,"CreativeLive"
135,"Github"
317,"Triniti"
116,"ClickSoftware"
192,"CampusNexus Student"
525,"Hightail"
108,"Apptio"
506,"Articulate"
489,"Aria Systems"
469,"built.io"
458,"Apptivo"
27,"SuccessFactors"
213,"PubMatic"
385,"Ubuntu"
354,"Top Producer CRM"
99,"Jive Software"
89,"Applause"
180,"UserTesting"
166,"Blue Jeans Network"
4,"Birlasoft"
18,"Synchronoss"
133,"Network Solutions"
218,"Aderant"
220,"SilkRoad"
290,"Intermapper"
297,"Any.do"
304,"Intapp Time"
312,"CollabNet"
336,"AT Internet"
349,"M-Files DMS"
370,"elcomCMS"
382,"Crimson Hexagon"
413,"Mynewsdesk"
451,"BillQuick"
457,"Clarizen"
485,"Ipower"
517,"Trumpia"
520,"PCA Predict"
545,"A2Z"
548,"dotloop"
566,"ProcessMaker"
573,"ScribbleLive"
625,"Expensify"
626,"MindTouch"
631,"Plesk"
670,"ThinkHR Learn"
681,"Church Community Builder"
691,"SocialChorus"
698,"RentWorks"
704,"HG Focus"
760,"Unmetric"
761,"Beckon"
773,"OrderDynamics"
800,"Targit"
806,"Moodle"
811,"moxtra"
812,"Patriot Software"
821,"CELUM"
833,"ConnectLeader"
837,"WebCEO"
842,"LiveHelpNow"
843,"stratustime"
854,"LiveChat"
857,"Belly"
877,"FogCreek"
882,"Sococo"
886,"Crowdfire"
905,"InetSoft"
911,"CloudNine"
923,"FastSpring"
925,"Appcelerator"
933,"SaltStack"
945,"DecisionPoint"
961,"CompStak"
963,"Rootstock"
964,"SeatAdvisor"
969,"Bunchball"
974,"TrueConf"
976,"MicroMain CMMS"
990,"Octopus Deploy"
1002,"Alpha Anywhere"
1012,"Mindflash"
1016,"Function Point"
1032,"Business Hangouts"
1035,"Klout"
1224,"Morpheus"
1424,"Atom"
1661,"Affinity Photo"
1813,"SalesBox"
1840,"Lyris"
1886,"Gather"
1887,"Poll Everywhere"
1970,"Halo"
1980,"Brightidea"
1996,"backblaze"
11,"eClinicalWorks"
45,"ShoreTel"
622,"OpenText"
93,"Vonage"
82,"Domo"
232,"Lynda.com"
247,"Liquid Web"
254,"Confirmit"
288,"SEMrush"
157,"Atlas Solutions"
1937,"blogdash"
351,"screenflow"
22,"Aspect Software"
416,"SurePayroll"
129,"j2 Global"
422,"Cleverbridge"
430,"Perforce"
438,"LoopNet"
441,"On-Site"
241,"Kaseya BMS"
459,"Datawatch"
259,"Talisma"
284,"Avira"
495,"Curalate"
47,"Centro"
195,"Replicon"
546,"Arena Solutions"
160,"Amber Road"
343,"GetResponse"
601,"eXo Platform"
189,"Marin Software"
371,"Flashtalking"
617,"Synthesio"
79,"BazaarVoice"
638,"Extensis Portfolio"
272,"Jenzabar SONIS"
401,"Base CRM"
109,"META4"
33,"Tangoe"
669,"School Dude"
1545,"Fixed Assets"
51,"WebEx"
96,"Mix Telematics"
1875,"Digicert"
239,"Tagetik"
450,"Treehouse"
464,"Advanced Solutions International"
1846,"Vtiger"
1895,"Leadsquared"
1900,"informz"
468,"TIBCO Spotfire"
471,"InMotion Hosting"
719,"CloudLead"
720,"erecruit"
716,"Jobscience"
721,"Drupal"
723,"Linode"
484,"BurrellesLuce WorkFlow"
757,"ARCHIBUS"
1862,"retreavor"
766,"Kapost"
374,"WebPT"
503,"OneLogin"
505,"Buildium"
186,"AppFolio"
782,"Kahuna"
73,"SumTotal"
243,"Skyward"
299,"Squiz Matrix"
387,"Changepoint"
36,"Active Network"
533,"Xamarin"
792,"BrightRoll DSP"
1894,"Real Magnet"
248,"Lifesize"
389,"HireVue"
1893,"SharpSpring"
414,"Falcon"
554,"Placester"
817,"BrandpointHUB"
1864,"Hornbill"
335,"GoodData"
825,"iDashboards"
584,"Igloo"
587,"RightScale"
838,"Dundas BI"
841,"JReport"
446,"Global Shop Solutions"
76,"AppNexus"
201,"Adaptive Insights"
454,"Media Temple"
125,"eGain"
614,"SutiExpense"
858,"Onstream Webinars"
861,"ClassDojo"
872,"Totango"
1869,"NexJ"
131,"Vision Critical"
136,"Saba Cloud"
262,"Viber"
476,"Avangate"
895,"HouseCall Pro"
623,"Contify"
865,"Encompass"
909,"TrackVia"
326,"Host Analytics"
494,"Vectorworks"
914,"SocialFlow"
392,"Vend"
910,"Agiloft"
932,"RESULTS.com"
931,"JotForm"
514,"Blurb"
953,"BirdDogHR"
1873,"FusionCharts"
524,"Wingify"
1896,"Salesfusion"
661,"Madison Logic"
938,"IFTTT"
960,"Amicus Attorney"
212,"ServiceMax"
562,"LeanKit"
717,"Phocas Software"
339,"WizIQ LMS"
581,"Flight by Canto"
1010,"Chute"
590,"Huddle"
742,"Author-It"
1006,"Entomo"
1033,"Full Circle Insights"
1070,"Visage"
123,"iCIMS"
764,"Targetprocess"
174,"K2 BlackPearl"
367,"Satmetrix"
621,"Spigit"
1026,"ClearView CRM"
431,"Astea FieldCentrix"
509,"Nerdio by Adar"
187,"Accurent"
439,"Contently"
1851,"DialogTech"
1993,"Bluesnap"
71,"Digital River"
167,"YuMe"
628,"Sciforma"
271,"Socialbakers"
536,"Kayako"
651,"Parse"
547,"Calyx Point"
324,"InsideView"
542,"SmashFly"
555,"Qstream"
660,"Gandi"
1835,"Benchmark Email"
415,"Showpad"
1779,"Schoology"
119,"Sizmek"
488,"SAVO"
834,"iSpring QuizMaker"
835,"iSpring Suite"
844,"SMTP.com"
602,"NUVI"
713,"Ontraport"
32,"SkillSoft"
204,"Parallels"
291,"Deem"
714,"Apptricity"
329,"Actian"
868,"IdeaScale"
883,"Vroozi"
887,"Grasshopper"
373,"Broadbean"
884,"6sense"
729,"PowerDMS"
1915,"SailThru"
1920,"BrandMaker"
145,"Outbrain"
862,"ReachForce"
423,"NetDimensions"
754,"RapidMiner"
753,"GrabCAD Workbench"
767,"Maitre'D"
44,"BenefitFocus"
63,"Apttus"
1958,"CustomerGauge"
508,"CashStar"
208,"Alfresco"
455,"CallSource"
410,"Velocify"
770,"VNC Connect"
944,"Curata"
777,"MadCap Flare"
1881,"prestashop"
1969,"Pypestream"
477,"Nitro Pro"
269,"Brandwatch"
970,"crowdSPRING"
100,"Glassdoor"
270,"HostGator"
84,"Quantcast"
711,"BetterWorks"
971,"GNU Emacs"
972,"iMeet"
692,"Call Box"
1765,"Hudson"
268,"IgnitionOne"
465,"Booker Software"
501,"Marketwired"
982,"Skura"
1018,"Telnyx"
236,"Spiceworks"
507,"bitly"
558,"Dialwebhosting"
559,"MindJet"
739,"Telmetrics"
1011,"Ingeniux CMS"
831,"Transifex"
178,"OpenX"
403,"Moz"
983,"Todoist"
66,"HireRight"
350,"Percolate"
672,"GotPrint"
634,"Envoy"
673,"Photobucket"
1030,"BizTalk360"
568,"Act-On"
393,"OpenStack"
763,"SiteSpect"
1048,"Issuetrak"
173,"Accela"
395,"ETO Software"
64,"MaritzCX"
433,"BSD Tools"
859,"UXPin"
1910,"outboundengine"
710,"Zimbra Collaboration"
394,"ShopKeep POS"
137,"AeroHive"
69,"LivePerson"
396,"Brainshark"
2000,"Rocketrip"
266,"Videology"
951,"Wishpond"
803,"Chartbeat"
939,"Recruiterbox"
